age,sex,bmi,children,smoker,region,expenses
41,male,28.8,1,no,southwest,6282.24
57,male,31.5,0,no,northwest,11353.23
23,female,28.3,0,yes,northwest,18033.97
52,male,32.8,3,no,northwest,11289.11
61,male,38.4,0,no,northwest,12950.07
36,male,34.4,0,yes,southeast,37742.58
28,female,25.9,1,no,northwest,4133.64
59,male,31.8,2,no,southeast,12928.79
50,female,30.1,1,no,northwest,9910.36
46,male,22.3,0,no,southwest,7147.11
30,female,22.9,1,no,northeast,4719.52
41,male,32.2,2,no,southwest,6875.96
56,female,32.3,3,no,northeast,13430.27
18,male,23.0,0,no,northeast,1704.57
53,male,29.5,0,no,southeast,9487.64
63,female,27.0,0,yes,northwest,28950.47
52,female,30.9,0,no,northeast,23045.57
36,female,25.9,1,no,southwest,5472.45
58,male,36.1,0,no,southeast,11363.28
41,female,33.2,3,no,northeast,8538.29
53,male,31.2,1,no,northwest,10461.98
20,female,37.0,5,no,southwest,4830.63
34,male,21.4,0,no,northeast,4500.34
36,female,29.9,1,no,southeast,5478.04
41,male,33.6,0,no,southeast,5699.84
34,female,27.5,1,no,southwest,5003.85
31,female,29.3,1,no,southeast,4350.51
61,male,32.3,2,no,northwest,14119.62
20,female,29.6,0,no,southwest,1875.34
47,male,47.5,1,no,southeast,8083.92
61,female,21.1,0,no,northwest,13415.04
21,male,31.0,0,no,southeast,16586.5
43,female,32.6,3,yes,southeast,40941.29
31,male,28.5,5,no,northeast,6799.46
48,male,30.2,2,no,southwest,8968.33
21,female,17.4,1,no,southwest,2585.27
64,female,39.7,0,no,southwest,14319.03
27,female,24.8,0,yes,southeast,16577.78
63,male,33.1,0,no,southwest,13393.76
42,female,26.2,1,no,southeast,7046.72
34,female,33.3,1,no,northeast,5594.85
31,female,32.8,2,no,northwest,5327.4
64,male,26.4,0,no,northeast,14394.56
38,female,19.5,2,no,northwest,6933.24
31,male,38.4,2,no,southeast,4463.21
48,male,40.2,0,no,southeast,7804.16
53,male,36.6,3,no,southwest,11264.54
51,female,36.4,3,no,northwest,11436.74
42,male,26.9,0,no,southwest,5969.72
55,male,32.7,1,no,southeast,10807.49
46,female,23.7,1,yes,northwest,21677.28
35,female,34.1,3,yes,northwest,39983.43
19,male,27.7,0,yes,southwest,16297.85
45,male,33.7,1,no,southwest,7445.92
27,male,18.9,3,no,northeast,4827.9
35,male,36.7,1,yes,northeast,39774.28
62,male,32.1,0,no,northeast,13555.0
35,male,27.1,1,no,southwest,4746.34
24,female,27.6,0,no,southwest,18955.22
63,male,21.7,1,no,northwest,14349.85
36,female,25.8,0,no,northwest,5266.37
33,female,26.7,0,no,northwest,4571.41
34,female,19.0,3,no,northeast,6753.04
43,female,46.2,0,yes,southeast,45863.21
54,male,39.6,1,no,southwest,10450.55
53,female,33.3,0,no,northeast,10564.88
33,female,22.1,1,no,northeast,5354.07
62,female,26.3,0,yes,southeast,27808.73
40,female,27.4,1,no,southwest,6496.89
59,male,29.7,2,no,southeast,12925.89
19,female,35.2,0,no,northwest,2134.9
64,male,23.8,0,yes,southeast,26926.51
33,male,29.4,4,no,southwest,6059.17
30,female,23.7,3,yes,northwest,18765.88
54,female,27.6,1,no,northwest,11305.93
44,female,43.9,2,yes,southeast,46200.99
20,male,33.3,0,no,southeast,1391.53
22,male,28.9,0,no,northeast,2250.84
34,female,38.0,3,no,southwest,6196.45
31,male,25.9,1,no,northwest,4239.89
20,male,32.4,1,no,northwest,2362.23
19,female,39.6,1,no,northwest,2730.11
24,male,23.7,0,no,northwest,2352.97
35,female,43.3,2,no,southeast,5846.92
18,female,35.6,0,no,northeast,2211.13
19,male,35.4,0,no,southwest,1263.25
22,male,25.2,0,no,northwest,2045.69
19,male,29.1,0,yes,northwest,17352.68
23,male,50.4,1,no,southeast,2438.06
61,female,29.1,0,yes,northwest,29141.36
48,male,40.6,2,yes,northwest,45702.02
61,male,28.3,1,yes,northwest,28868.66
61,male,35.9,0,yes,southeast,46599.11
44,male,31.4,1,yes,northeast,39556.49
49,male,25.6,2,yes,southwest,23306.55
30,male,31.6,3,no,southeast,4837.58
18,male,30.4,3,no,northeast,3481.87
57,female,38.0,2,no,southwest,12646.21
58,male,28.6,0,no,northwest,11735.88
47,female,26.1,1,yes,northeast,23401.31
36,male,30.9,1,no,northwest,5373.36
21,female,25.8,0,no,southwest,2007.95
54,male,32.8,0,no,northeast,10435.07
57,female,30.5,0,no,northwest,11840.78
40,male,25.0,2,no,southeast,6593.51
40,female,22.2,2,yes,southeast,19444.27
60,female,18.3,0,no,northeast,13204.29
31,female,29.1,0,no,southwest,3761.29
49,female,29.9,0,no,northwest,8988.16
30,female,28.4,1,yes,southeast,19521.97
42,male,28.3,3,yes,northwest,32787.46
42,male,26.1,1,yes,southeast,38245.59
47,female,33.9,3,no,northwest,10115.01
49,female,21.3,1,no,southwest,9182.17
49,female,33.3,2,no,northeast,10370.91
44,female,37.0,1,no,northwest,8023.14
32,male,30.8,3,no,southwest,5253.52
18,male,33.8,1,no,southeast,1725.55
60,male,24.3,1,no,northwest,13112.6
23,male,23.8,0,no,northeast,2395.17
19,female,27.9,3,no,northwest,18838.7
55,female,30.5,0,no,southwest,10704.47
57,male,28.1,0,no,southwest,10965.45
41,female,33.0,0,no,northwest,6571.02
43,female,26.7,2,yes,southwest,22478.6
37,male,30.9,3,no,northwest,6796.86
47,female,26.6,2,no,northeast,9715.84
18,female,40.3,0,no,northeast,2217.6
46,female,33.4,1,no,southeast,8240.59
52,female,31.7,2,no,northwest,11187.66
48,male,32.3,1,no,northwest,8765.25
37,female,38.4,0,yes,southeast,40419.02
37,male,29.6,0,no,northwest,5028.15
23,male,41.9,0,no,southeast,1837.28
30,male,23.0,2,yes,northwest,17361.77
47,female,27.8,0,yes,southeast,23065.42
35,female,31.0,1,no,southwest,5240.77
32,male,37.3,1,no,northeast,4667.61
21,female,39.5,0,no,southeast,2026.97
33,male,33.4,5,no,southeast,6653.79
60,male,25.7,0,no,southeast,12142.58
24,male,32.7,0,yes,southwest,34472.84
19,female,21.7,0,yes,southwest,13844.51
19,male,27.3,2,no,northwest,22493.66
58,male,34.9,0,no,northeast,11944.59
21,female,34.9,0,no,southeast,2020.55
46,female,30.2,2,no,southwest,8825.09
63,female,36.3,0,no,southeast,13887.2
50,male,25.3,0,no,southeast,8442.67
51,male,22.4,0,no,northeast,9361.33
58,female,36.5,0,no,northwest,12235.84
44,male,34.3,1,no,southeast,7147.47
28,male,33.0,3,no,southeast,4449.46
18,female,38.7,2,no,northeast,3393.36
50,female,33.7,4,no,southwest,11299.34
24,female,27.7,0,no,southeast,2464.62
33,female,33.5,0,yes,southwest,37079.37
61,male,36.3,1,yes,southwest,47403.88
44,male,27.4,2,no,southwest,7726.85
25,male,26.8,3,no,southwest,3906.13
37,female,47.6,2,yes,southwest,46113.51
43,male,35.0,1,yes,northeast,41034.22
61,male,33.5,0,no,northeast,13143.34
26,female,17.2,2,yes,northeast,14455.64
61,male,33.9,0,no,northeast,13143.86
36,male,28.6,3,no,northwest,6548.2
62,female,29.9,0,no,southeast,13457.96
24,female,20.5,0,yes,northeast,14571.89
32,female,29.6,1,no,southeast,4562.84
54,female,23.0,3,no,southwest,12094.48
53,male,28.9,0,no,northwest,9869.81
45,male,24.3,5,no,southeast,9788.87
43,female,24.7,2,yes,northwest,21880.82
45,female,35.3,0,no,southwest,7348.14
45,female,38.3,0,no,northeast,7935.29
18,female,39.2,0,no,southeast,1633.04
37,female,23.4,2,no,northwest,6686.43
31,male,25.9,3,yes,southwest,19199.94
33,female,35.5,0,yes,northwest,55135.4
25,male,25.0,2,no,northeast,23241.47
21,male,23.8,2,no,northwest,3077.1
29,male,31.7,2,no,northwest,4433.39
30,male,24.4,3,yes,southwest,18259.22
34,male,35.8,0,no,northwest,4320.41
39,female,18.3,5,yes,southwest,19023.26
31,female,38.1,1,yes,northeast,58571.07
43,male,20.1,2,yes,southeast,18767.74
50,male,32.3,2,no,southwest,9630.4
28,female,17.3,0,no,northeast,3732.63
47,male,32.3,1,no,southwest,8062.76
58,female,33.0,0,no,northeast,12430.95
60,male,32.8,0,yes,southwest,52590.83
57,male,23.7,0,no,southwest,10959.33
18,male,23.8,0,no,northeast,1705.62
55,male,30.7,0,yes,northeast,42303.69
60,male,33.1,3,no,southeast,13919.82
32,male,46.5,2,no,southeast,4686.39
42,female,40.4,2,yes,southeast,43896.38
30,female,28.4,1,no,northwest,4527.18
45,male,22.9,2,yes,northwest,21098.55
51,female,37.1,3,yes,northeast,46255.11
40,female,29.3,4,no,southwest,15828.82
23,female,35.0,3,no,northwest,4466.62
35,female,28.0,0,yes,northwest,20234.85
48,female,27.3,1,no,northeast,9447.25
46,female,27.7,0,no,northwest,8026.67
21,female,35.7,0,no,northwest,2404.73
54,male,33.6,1,no,northwest,10825.25
28,female,27.5,2,no,southwest,20177.67
53,female,26.6,0,no,northwest,10355.64
60,male,28.6,0,no,northeast,30260.0
30,male,25.5,0,no,northeast,3645.09
33,female,24.3,0,no,southeast,4185.1
48,male,24.4,0,yes,southeast,21223.68
58,female,31.8,2,no,northeast,13607.37
58,male,34.4,0,no,northwest,11743.93
29,female,32.1,2,no,northwest,4922.92
28,female,28.9,1,no,northeast,4337.74
62,female,39.2,0,no,southwest,13470.86
18,male,27.4,1,yes,northeast,17178.68
42,female,29.5,2,no,southeast,7640.31
28,female,34.8,0,no,northwest,3556.92
54,female,31.9,3,no,southeast,27322.73
57,male,40.9,0,no,northeast,11566.3
51,male,36.0,1,no,southeast,9386.16
40,female,36.2,0,no,southeast,5920.1
59,female,23.7,0,yes,northwest,25678.78
19,female,28.4,1,no,southwest,2331.52
63,female,31.8,0,no,southwest,13880.95
25,female,34.0,1,no,southeast,3227.12
40,female,41.4,1,no,northwest,28476.73
62,female,30.5,2,no,northwest,15019.76
54,female,32.7,0,no,northeast,10923.93
45,female,25.2,2,no,northeast,9095.07
54,male,30.8,1,yes,southeast,41999.52
19,male,20.6,2,no,northwest,2803.7
29,female,25.9,0,no,southwest,3353.28
24,male,40.2,0,yes,southeast,38126.25
58,female,27.2,0,no,northwest,12222.9
32,female,41.1,0,no,southwest,3989.84
18,female,38.3,0,no,southeast,14133.04
60,male,39.9,0,yes,southwest,48173.36
18,male,34.4,0,no,southeast,1137.47
34,female,29.3,3,no,southeast,6184.3
63,male,41.3,3,no,northwest,15555.19
21,male,31.1,0,no,southwest,1526.31
51,female,35.0,2,yes,northeast,44641.2
37,male,37.1,1,yes,southeast,39871.7
55,female,29.7,2,no,southwest,11881.36
45,male,20.4,3,no,southeast,8605.36
33,female,42.9,3,no,northwest,6360.99
63,male,39.8,3,no,southwest,15170.07
49,male,30.3,0,no,southwest,8116.68
45,male,24.0,2,no,northeast,8604.48
37,male,46.5,3,no,southeast,6435.62
19,male,19.8,0,no,southwest,1241.57
64,female,31.3,2,yes,southwest,47291.06
51,female,18.1,0,no,northwest,9644.25
60,female,35.1,0,no,southwest,12644.59
26,female,22.2,0,no,northwest,3176.29
59,female,32.4,3,no,northeast,14590.63
55,female,33.5,2,no,northwest,12269.69
21,female,32.7,2,no,northwest,26018.95
43,female,35.6,1,no,southeast,7345.73
49,female,23.2,2,no,northwest,10156.78
32,female,20.5,0,no,northeast,4544.23
54,male,29.2,1,no,southwest,10436.1
46,male,39.4,1,no,northeast,8342.91
